"","album_release_year","danceability","energy","key","loudness","mode","speechiness","acousticness","instrumentalness","liveness","valence","tempo","time_signature","disc_number","duration_ms","track_number"
"1",2023,0.623,0.338,11,-18.253,1,0.105,0.00092,0.889,0.117,0.195,130.294,3,1,49066,1
"2",2023,0.562,0.542,6,-8.307,1,0.133,0.0797,0.822,0.0677,0.436,172.065,4,1,213546,2
"3",2023,0.763,0.61,10,-10.629,0,0.123,0.0485,0.738,0.138,0.405,175.891,4,1,212906,3
"4",2023,0.578,0.434,9,-10.254,1,0.239,0.168,0.908,0.144,0.595,104.519,3,1,231933,4
"5",2023,0.679,0.484,7,-10.274,1,0.0619,0.273,0.876,0.103,0.596,164.026,4,1,212466,5
"6",2023,0.733,0.463,10,-13.509,1,0.316,0.0331,0.811,0.0972,0.17,171.949,4,1,249826,6
"7",2023,0.824,0.432,9,-8.655,1,0.139,0.121,0.889,0.0835,0.265,152.037,4,1,253586,7
"8",2023,0.828,0.289,9,-9.733,1,0.212,0.594,0.867,0.213,0.358,140.012,4,1,250853,8
"9",2023,0.646,0.39,7,-14.022,0,0.0601,0.567,0.879,0.296,0.639,149.997,4,1,228000,9
"10",2023,0.742,0.604,3,-9.781,1,0.118,0.0117,0.663,0.157,0.467,82.978,4,1,318573,10
"11",2023,0.68,0.433,6,-10.685,1,0.0594,0.567,0.926,0.132,0.342,151.866,4,1,197800,11
"12",2023,0.619,0.441,2,-14.455,1,0.0295,0.466,0.912,0.109,0.378,96.017,3,1,158386,12
"13",2023,0.748,0.273,10,-8.14,0,0.458,0.0823,0.338,0.197,0.0822,172.027,4,1,234946,13
"14",2023,0.768,0.534,7,-7.929,1,0.038,0.758,0.888,0.114,0.746,170.008,4,1,232253,14
"15",2023,0.748,0.726,0,-13.627,1,0.0853,0.00147,0.865,0.0461,0.277,97.972,4,1,119906,15
"16",2023,0.612,0.772,1,-8.616,1,0.11,0.0734,0.754,0.0814,0.0765,176.856,4,1,145240,16
"17",2023,0.634,0.646,5,-12.009,1,0.0393,0.0175,0.771,0.361,0.266,129.304,5,1,248013,17
"18",2023,0.801,0.744,4,-12,0,0.0629,0.362,0.839,0.0434,0.35,101.988,4,1,292640,18
"19",2023,0.555,0.525,2,-15.095,1,0.17,0.229,0,0.366,0.86,129.71,3,1,49066,1
"20",2023,0.638,0.684,6,-6.746,1,0.463,0.0711,5.78e-05,0.118,0.771,172.142,4,1,214960,2
"21",2023,0.562,0.693,1,-8.342,1,0.36,0.0706,0,0.129,0.762,173.504,4,1,212906,3
"22",2023,0.725,0.662,9,-7.892,1,0.224,0.287,0,0.229,0.77,130.29,4,1,231933,4
"23",2023,0.594,0.622,5,-8.119,0,0.336,0.246,0.000569,0.104,0.791,80.976,4,1,212466,5
"24",2023,0.559,0.614,2,-10.219,1,0.546,0.168,0,0.0978,0.484,64.571,3,1,249826,6
"25",2023,0.722,0.568,11,-7.492,0,0.321,0.145,9.75e-05,0.0887,0.693,152.185,4,1,253586,7
"26",2023,0.721,0.539,9,-7.55,1,0.372,0.131,5.06e-06,0.151,0.776,139.731,4,1,250853,8
"27",2023,0.578,0.617,10,-9.914,1,0.364,0.465,0,0.284,0.746,76.9,4,1,228000,9
"28",2023,0.69,0.741,10,-8.066,0,0.324,0.116,0,0.326,0.879,82.84,4,1,318573,10
"29",2023,0.661,0.725,6,-7.967,1,0.343,0.229,2.33e-06,0.133,0.575,76.041,4,1,197800,11
"30",2023,0.694,0.576,0,-8.671,1,0.055,0.483,8.04e-06,0.11,0.309,95.965,4,1,158386,12
"31",2023,0.62,0.53,1,-6.221,1,0.328,0.0996,9.62e-06,0.226,0.302,172.385,4,1,234946,13
"32",2023,0.657,0.783,7,-6.258,1,0.359,0.422,1.11e-05,0.449,0.671,169.997,4,1,232253,14
"33",2023,0.73,0.683,10,-12.663,0,0.276,0.0751,0.000341,0.209,0.738,97.732,4,1,119906,15
"34",2023,0.607,0.713,1,-6.928,1,0.169,0.197,3.81e-06,0.113,0.473,76.188,1,1,145240,16
"35",2023,0.668,0.788,5,-9.005,1,0.195,0.176,0.00489,0.357,0.237,128.779,5,1,248013,17
"36",2023,0.899,0.775,4,-8.973,0,0.28,0.374,0.000124,0.0414,0.607,102,4,1,292640,18
"37",2023,0.465,0.54,9,-16.833,0,0.0431,0.158,0.883,0.159,0.156,101.582,1,1,45333,1
"38",2023,0.361,0.466,9,-10.604,0,0.0327,0.227,0.00601,0.102,0.282,85.959,4,1,204800,2
"39",2023,0.687,0.611,9,-9.036,1,0.0469,0.274,0.9,0.332,0.433,140.008,4,1,212866,3
"40",2023,0.547,0.807,4,-6.735,0,0.0375,0.0215,0.897,0.0717,0.521,152.043,4,1,272546,4
"41",2023,0.39,0.549,11,-8.615,1,0.0755,0.00344,0.884,0.126,0.446,169.816,4,1,245453,5
"42",2023,0.608,0.272,0,-12.288,1,0.0762,0.886,0.403,0.0917,0.672,97.593,3,1,126000,6
"43",2023,0.701,0.588,0,-7.69,1,0.0516,0.186,0.806,0.129,0.881,157.975,4,1,182800,7
"44",2023,0.609,0.586,1,-10.193,0,0.0375,0.00669,0.218,0.168,0.401,82.008,4,1,248200,8
"45",2023,0.748,0.626,1,-6.325,1,0.0709,0.0495,0.793,0.128,0.329,75.992,4,1,235333,9
"46",2023,0.586,0.435,0,-13.49,1,0.0408,0.413,0.81,0.147,0.494,92.064,4,1,173466,10
"47",2023,0.779,0.711,10,-7.936,0,0.0936,0.116,0.818,0.135,0.758,162.02,4,1,277906,11
"48",2023,0.794,0.573,10,-6.38,1,0.0742,0.13,0.896,0.195,0.505,82.997,4,1,271293,12
"49",2023,0.842,0.739,2,-9.592,0,0.328,0.575,0.934,0.132,0.524,160.011,4,1,249000,13
"50",2023,0.736,0.791,11,-5.749,0,0.0293,0.0233,0.9,0.245,0.8,140.057,4,1,304640,14
"51",2022,0.773,0.371,0,-18.941,1,0.0923,0.62,0.87,0.103,0.639,136.088,4,1,125600,1
"52",2022,0.701,0.437,10,-10.332,1,0.0864,0.0162,0.194,0.226,0.91,77,4,1,230773,2
"53",2022,0.688,0.818,1,-9.932,1,0.0678,0.0116,0.874,0.0983,0.331,93.983,4,1,225466,3
"54",2022,0.73,0.474,10,-11.851,0,0.0556,0.0517,0.952,0.328,0.597,99.043,4,1,88426,4
"55",2022,0.466,0.821,2,-9.886,0,0.254,0.0352,0.734,0.61,0.314,149.958,4,1,192266,5
"56",2022,0.411,0.632,8,-11.118,1,0.0475,0.0442,0.785,0.194,0.326,168.509,4,1,275760,6
"57",2022,0.483,0.319,10,-10.062,1,0.044,0.156,0.646,0.245,0.745,180.008,4,1,139760,7
"58",2022,0.393,0.545,8,-10.69,0,0.0628,0.0548,0.846,0.127,0.514,203.411,3,1,247880,8
"59",2022,0.481,0.462,11,-8.536,1,0.0451,0.000395,0.81,0.21,0.293,175.91,4,1,218800,9
"60",2022,0.751,0.651,1,-10.149,1,0.0407,0.00677,0.85,0.0237,0.491,90.05,4,1,209066,10
"61",2022,0.702,0.727,1,-7.963,1,0.035,0.0033,0.878,0.217,0.274,92.972,4,1,228213,11
"62",2022,0.591,0.415,4,-7.176,1,0.0392,0.000294,0.882,0.187,0.139,165.826,4,1,46106,12
"63",2022,0.72,0.692,4,-8.465,0,0.0861,0.176,0.795,0.108,0.27,91.974,4,1,216853,13
"64",2022,0.723,0.511,1,-6.631,1,0.0349,0.00254,0.926,0.061,0.112,85.031,4,1,221560,14
"65",2022,0.639,0.54,3,-17.525,0,0.0306,0.967,0.923,0.113,0.713,89.93,4,1,53373,15
"66",2022,0.679,0.518,8,-12.029,1,0.509,0.176,0.607,0.216,0.348,128.105,3,1,179693,16
"67",2022,0.593,0.605,6,-10.911,0,0.0397,0.00306,0.815,0.1,0.038,120.012,4,1,232693,17
"68",2022,0.356,0.585,1,-9.71,1,0.0598,0.011,0.946,0.0924,0.153,94.07,4,1,158333,18
"69",2022,0.34,0.479,1,-11.534,1,0.0671,0.0193,0.931,0.215,0.855,187.61,4,1,80666,19
"70",2022,0.445,0.63,3,-9.702,0,0.0392,0.000506,0.858,0.16,0.358,171.948,4,1,255680,20
"71",2022,0.741,0.485,9,-9.489,1,0.0441,0.000158,0.926,0.0664,0.318,127.99,4,1,170426,21
"72",2021,0.355,0.555,11,-11.822,0,0.302,0.128,0.047,0.191,0.278,65.254,3,1,45333,1
"73",2021,0.429,0.789,9,-6.481,0,0.172,0.0913,0,0.162,0.565,73.017,4,1,204800,2
"74",2021,0.745,0.756,11,-7.461,0,0.233,0.064,0,0.347,0.196,140.003,4,1,212866,3
"75",2021,0.57,0.903,9,-5.635,1,0.0999,0.0396,8.39e-06,0.101,0.533,152.18,4,1,272546,4
"76",2021,0.613,0.767,11,-6.756,1,0.312,0.0128,1.76e-05,0.0848,0.456,169.631,4,1,245453,5
"77",2021,0.734,0.62,0,-6.727,1,0.157,0.719,1.82e-06,0.0815,0.784,97.402,3,1,126000,6
"78",2021,0.671,0.848,10,-5.183,0,0.274,0.167,2.95e-05,0.0709,0.675,158.069,4,1,182800,7
"79",2021,0.614,0.827,6,-7.384,0,0.292,0.0932,0,0.196,0.597,80.86,4,1,248200,8
"80",2021,0.502,0.868,1,-5.102,1,0.315,0.0508,2.85e-05,0.613,0.574,76.079,4,1,235333,9
"81",2021,0.633,0.686,9,-6.689,0,0.199,0.293,0,0.148,0.525,92.373,4,1,173466,10
"82",2021,0.747,0.839,10,-6.779,0,0.293,0.0369,0.00878,0.135,0.746,81.008,4,1,277906,11
"83",2021,0.733,0.818,3,-5.212,1,0.284,0.0767,2.37e-06,0.2,0.378,110.893,5,1,271293,12
"84",2021,0.683,0.819,4,-7.134,0,0.372,0.128,0,0.292,0.882,160.387,4,1,249000,13
"85",2021,0.716,0.865,11,-5.036,0,0.0503,0.0219,0.000111,0.237,0.574,140.004,4,1,304640,14
"86",2020,0.731,0.427,7,-13.112,1,0.363,0.0833,0.324,0.181,0.567,135.972,4,1,125600,1
"87",2020,0.549,0.624,0,-8.011,1,0.439,0.00433,0.000616,0.239,0.871,68.397,4,1,230773,2
"88",2020,0.737,0.874,10,-7.938,0,0.145,0.0468,0.565,0.0902,0.589,94.067,4,1,225466,3
"89",2020,0.589,0.585,10,-10.367,0,0.292,0.0118,0.274,0.343,0.596,99.266,4,1,88426,4
"90",2020,0.503,0.948,9,-7.582,0,0.397,0.0585,0.238,0.617,0.513,149.456,4,1,192266,5
"91",2020,0.534,0.803,1,-7.912,1,0.355,0.0547,0.57,0.174,0.565,85.638,4,1,275760,6
"92",2020,0.6,0.728,10,-7.696,0,0.149,0.0238,0.772,0.111,0.962,90.218,4,1,139760,7
"93",2020,0.541,0.83,8,-7.147,0,0.375,0.0948,0.462,0.125,0.581,136.011,4,1,247880,8
"94",2020,0.684,0.727,11,-6.804,1,0.284,0.000398,0.7,0.182,0.52,117.387,5,1,218800,9
"95",2020,0.707,0.89,8,-7.749,1,0.238,0.0733,0.000983,0.101,0.526,90.245,4,1,209066,10
"96",2020,0.744,0.873,7,-6.803,1,0.127,0.00646,0.607,0.161,0.343,92.949,4,1,228213,11
"97",2020,0.463,0.711,1,-6.506,0,0.253,0.00252,0.00464,0.159,0.444,168.794,4,1,46106,12
"98",2020,0.649,0.936,4,-7.028,0,0.303,0.133,0.202,0.105,0.286,91.988,4,1,216853,13
"99",2020,0.638,0.813,1,-5.901,1,0.0817,0.021,0.608,0.059,0.477,85.009,4,1,221560,14
"100",2020,0.605,0.583,1,-11.117,1,0.0666,0.908,4.82e-06,0.324,0.958,90.223,4,1,53373,15
"101",2020,0.667,0.832,1,-9.66,1,0.776,0.159,0.261,0.214,0.761,88.092,4,1,179693,16
"102",2020,0.435,0.745,6,-8.379,0,0.258,0.00721,0.574,0.112,0.39,80.032,5,1,232693,17
"103",2020,0.428,0.791,1,-7.774,1,0.467,0.0414,0.181,0.0798,0.481,92.118,4,1,158333,18
"104",2020,0.574,0.625,6,-8.975,1,0.26,0.00267,0.864,0.175,0.859,93.556,4,1,80666,19
"105",2020,0.4,0.825,6,-7.628,1,0.353,0.00431,0.714,0.182,0.349,172.501,4,1,255680,20
"106",2020,0.829,0.81,2,-7.714,1,0.132,0.0277,0.0281,0.0591,0.778,127.947,4,1,170426,21
"107",2020,0.554,0.63,1,-7.142,1,0.324,0.000586,0.158,0.138,0.243,95.866,3,1,202760,1
"108",2020,0.869,0.701,8,-10.102,0,0.379,0.0221,0,0.0761,0.53,90.221,4,1,219813,2
"109",2020,0.588,0.856,5,-7.052,0,0.27,0.0907,0.000624,0.214,0.507,75.16,3,1,225120,3
"110",2020,0.611,0.56,1,-10.183,1,0.0794,0.00374,0.942,0.127,0.135,127.987,4,1,202653,4
"111",2020,0.615,0.381,10,-15.614,0,0.0536,0.259,0.893,0.107,0.362,179.975,4,1,215865,5
"112",2020,0.601,0.766,5,-10.36,0,0.0315,0.0604,0.831,0.183,0.691,149.964,4,1,224853,6
"113",2020,0.592,0.543,9,-8.915,1,0.0355,0.0784,0.474,0.201,0.867,143.969,4,1,26960,7
"114",2020,0.845,0.0469,6,-10.824,1,0.627,8.48e-05,0.874,0.087,0.749,172.102,4,1,22986,8
"115",2020,0.39,0.589,7,-10.867,0,0.0709,0.0109,0.948,0.111,0,104.003,1,1,18626,9
"116",2020,0.616,0.458,1,-7.683,1,0.254,0.0314,0.972,0.153,0.698,144.079,1,1,22612,10
"117",2019,0.711,0.624,10,-6.065,0,0.287,0.363,2.89e-05,0.109,0.863,91.079,4,1,202666,1
"118",2019,0.517,0.731,6,-6.996,0,0.444,0.107,0,0.136,0.722,167.986,4,1,209546,2
"119",2019,0.695,0.698,4,-6.539,0,0.29,0.153,1.8e-05,0.315,0.541,98.524,4,1,208733,3
"120",2019,0.505,0.559,1,-8.154,1,0.366,0.0986,0.000152,0.0734,0.366,75.233,4,1,241226,4
"121",2019,0.806,0.458,1,-8.14,1,0.226,0.0896,2.42e-05,0.0772,0.819,135.893,4,1,184920,5
"122",2019,0.789,0.605,7,-6.497,1,0.174,0.545,0,0.102,0.569,124.892,4,1,212253,6
"123",2019,0.432,0.868,1,-5.123,1,0.346,0.123,0,0.209,0.682,94.04,4,1,209813,7
"124",2019,0.584,0.621,8,-7.192,1,0.387,0.463,1.05e-06,0.0771,0.704,90.232,4,1,225706,8
"125",2019,0.519,0.595,2,-7.676,1,0.333,0.288,3.56e-06,0.299,0.502,73.203,1,1,147173,9
"126",2019,0.724,0.655,8,-6.603,1,0.0489,0.769,0.000267,0.174,0.428,117.924,4,1,231146,10
"127",2017,0.657,0.491,11,-12.275,0,0.028,0.0432,0.928,0.126,0.545,140.024,4,1,234093,1
"128",2017,0.232,0.483,5,-9.393,0,0.0389,0.91,0.905,0.126,0.0688,110.9,3,1,299640,2
"129",2017,0.297,0.378,2,-9.618,1,0.0363,0.955,0.913,0.215,0.15,103.461,3,1,26560,3
"130",2017,0.512,0.757,1,-13.264,1,0.0671,0.0816,0.823,0.124,0.139,172.027,4,1,128613,4
"131",2017,0.505,0.375,9,-14.906,1,0.0404,0.376,0.383,0.187,0.294,91.046,4,1,160080,5
"132",2017,0.406,0.244,0,-12.308,1,0.0397,0.0241,0.317,0.174,0.0672,55.24,4,1,58773,6
"133",2017,0.684,0.51,11,-10.113,0,0.0276,0.0347,0.26,0.357,0.809,140.001,4,1,105960,7
"134",2017,0.529,0.262,10,-16.739,1,0.0531,0.415,0.179,0.335,0.252,90.959,4,1,155040,8
"135",2017,0.378,0.991,8,-10.163,1,0.0692,0.292,0.809,0.379,0.734,169.722,3,1,85573,9
"136",2017,0.702,0.498,2,-10.779,0,0.168,0.111,0.536,0.112,0.135,89.994,4,1,117626,10
"137",2017,0.672,0.639,6,-12.249,1,0.199,0.000209,0.886,0.106,0.888,192.014,4,1,100306,11
"138",2017,0.505,0.772,0,-15.15,1,0.101,0.916,0.611,0.119,0.561,101.428,3,1,44893,12
"139",2017,0.5,0.493,1,-13.37,1,0.167,0.435,0.926,0.165,0.0845,170.018,4,1,208853,13
"140",2017,0.707,0.717,7,-10.254,0,0.0496,0.308,0.819,0.139,0.0996,120.007,4,1,185026,14
"141",2017,0.418,0.337,10,-17.765,0,0.0368,0.983,0.779,0.389,0.343,92.829,1,1,97746,15
"142",2017,0.242,0.55,1,-11.836,1,0.0827,0.277,0.847,0.229,0.103,169.895,4,1,253920,16
"143",2017,0.484,0.894,1,-10.966,1,0.0356,1.35e-05,0.933,0.0843,0.0615,90.012,4,1,214360,17
"144",2016,0.691,0.486,11,-8.452,0,0.0357,0.0117,0.866,0.109,0.231,131.977,4,1,189946,1
"145",2016,0.76,0.739,11,-7.129,0,0.0357,0.00374,0.938,0.857,0.858,128.018,4,1,227386,2
"146",2016,0.867,0.741,6,-5.018,1,0.0503,0.0673,0.088,0.309,0.844,82.036,4,1,120520,3
"147",2016,0.779,0.543,7,-7.827,1,0.197,0.0897,0.916,0.082,0.774,168.016,4,1,212306,4
"148",2016,0.627,0.713,4,-6.41,0,0.0686,0.00195,0.28,0.248,0.234,170.028,4,1,187173,5
"149",2016,0.393,0.69,6,-8.3,0,0.037,0.00103,0.856,0.78,0.745,103.645,3,1,229466,6
"150",2016,0.497,0.734,7,-9.347,0,0.0375,0.0315,0.884,0.142,0.359,196.013,4,1,266106,7
"151",2016,0.786,0.36,11,-13.076,0,0.0523,0.0935,0.74,0.35,0.352,122.013,4,1,114093,8
"152",2016,0.598,0.557,6,-7.003,0,0.0423,0.00434,0.848,0.153,0.371,81.958,4,1,188480,9
"153",2016,0.597,0.821,6,-7.605,0,0.0985,0.00506,0.678,0.0809,0.364,177.948,4,1,167533,10
"154",2016,0.852,0.651,11,-7.573,1,0.103,0.005,0.773,0.0748,0.843,90.034,4,1,230546,11
"155",2016,0.748,0.453,6,-7.086,1,0.0568,0.00794,0.883,0.091,0.578,96.032,4,1,164693,12
"156",2016,0.622,0.624,6,-7.225,1,0.0374,0.00352,0.895,0.108,0.371,80.014,4,1,187746,13
"157",2016,0.567,0.511,1,-8.922,1,0.028,0.000382,0.778,0.122,0.272,176.038,4,1,231413,14
"158",2016,0.624,0.715,1,-6.867,0,0.0442,0.00592,0.884,0.0633,0.796,90.008,4,1,202333,15
"159",2016,0.755,0.738,2,-6.561,1,0.0748,0.127,0,0.108,0.729,132.021,4,1,188973,1
"160",2016,0.807,0.853,1,-5.404,1,0.0988,0.0476,0.000895,0.767,0.775,127.935,4,1,227386,2
"161",2016,0.726,0.877,1,-3.883,1,0.164,0.106,0,0.688,0.955,81.912,4,1,118946,3
"162",2016,0.673,0.838,7,-5.922,1,0.314,0.203,8.86e-06,0.105,0.872,168.117,4,1,212906,4
"163",2016,0.472,0.846,11,-4.928,0,0.274,0.014,0.000124,0.16,0.402,170.383,4,1,185506,5
"164",2016,0.587,0.782,2,-6.399,1,0.116,0.00935,0.000811,0.716,0.714,95.961,4,1,230600,6
"165",2016,0.562,0.817,7,-6.693,0,0.114,0.104,2.61e-05,0.144,0.562,97.688,4,1,265333,7
"166",2016,0.765,0.601,11,-8.072,0,0.0826,0.0425,0,0.317,0.56,121.772,4,1,113186,8
"167",2016,0.628,0.783,6,-5.476,0,0.262,0.00435,0.00237,0.0955,0.364,81.882,4,1,188613,9
"168",2016,0.638,0.741,1,-6.012,0,0.292,0.0343,0,0.0761,0.702,178.12,4,1,166906,10
"169",2016,0.508,0.884,1,-5.701,1,0.292,0.0482,0,0.0751,0.842,90.011,4,1,231173,11
"170",2016,0.668,0.838,6,-5.417,1,0.195,0.01,0,0.357,0.835,96.112,4,1,164853,12
"171",2016,0.51,0.859,1,-5.885,0,0.202,0.0233,6.9e-05,0.064,0.896,111.1,3,1,191186,13
"172",2016,0.507,0.763,1,-6.584,1,0.241,0.0262,0.000564,0.18,0.642,86.495,4,1,230866,14
"173",2016,0.52,0.934,1,-5.112,0,0.278,0.066,1.89e-06,0.0783,0.691,89.95,4,1,202720,15
"174",2012,0.525,0.766,10,-7.846,0,0.0772,0.00787,0.734,0.195,0.541,194.082,4,1,284960,1
"175",2012,0.538,0.793,1,-8.333,1,0.114,0.000162,0.769,0.155,0.389,71.868,4,1,253533,2
"176",2012,0.536,0.459,6,-10.426,1,0.0303,0.0216,0.889,0.294,0.0389,172.052,4,1,242106,3
"177",2012,0.807,0.855,8,-9.231,1,0.0739,0.15,0.763,0.271,0.65,106.017,4,1,201240,4
"178",2012,0.601,0.617,11,-8.156,0,0.0724,0.144,0.907,0.148,0.285,175.896,4,1,209560,5
"179",2012,0.395,0.251,11,-17.754,0,0.0367,0.908,0.947,0.0727,0.126,151.98,3,1,153746,6
"180",2012,0.674,0.558,9,-10.545,1,0.0767,0.21,0.865,0.367,0.332,152.107,4,1,260398,7
"181",2012,0.549,0.468,1,-12.179,1,0.112,0.000354,0.623,0.112,0.618,192.088,4,1,147506,8
"182",2012,0.708,0.779,10,-11.325,0,0.0813,0.229,0.88,0.186,0.779,105.023,4,1,204560,9
"183",2012,0.496,0.557,0,-10.403,1,0.043,0.0511,0.801,0.0597,0.444,134.878,3,1,239240,10
"184",2012,0.609,0.72,1,-6.769,0,0.0483,8.91e-05,0.592,0.214,0.418,83.995,4,1,164640,11
"185",2012,0.772,0.796,6,-9.489,1,0.48,0.0122,0.748,0.0758,0.558,172.09,4,1,214773,12
"186",2012,0.693,0.897,9,-9.661,1,0.0929,0.000275,0.814,0.642,0.406,124.984,4,1,219973,13
"187",2012,0.42,0.513,6,-9.325,0,0.0999,0.0115,0.832,0.0761,0.436,85.865,4,1,280013,14
"188",2012,0.747,0.711,0,-8.619,1,0.0457,0.0398,0.844,0.0927,0.365,119.959,5,1,234066,15
"189",2012,0.562,0.892,10,-5.964,0,0.133,0.0138,0.0492,0.342,0.54,96.838,4,1,283813,1
"190",2012,0.537,0.881,0,-6.733,1,0.297,0.00204,0.00606,0.179,0.683,143.268,4,1,255453,2
"191",2012,0.497,0.68,1,-8.326,1,0.326,0.0391,6.08e-05,0.237,0.41,84.304,4,1,240773,3
"192",2012,0.827,0.897,8,-7.408,1,0.211,0.0636,7.9e-05,0.26,0.722,106.024,4,1,201386,4
"193",2012,0.626,0.823,6,-7.268,0,0.189,0.193,0.0628,0.235,0.705,86.572,4,1,208826,5
"194",2012,0.437,0.427,1,-12.271,0,0.0885,0.853,0.0169,0.0779,0.372,76.723,4,1,153746,6
"195",2012,0.459,0.752,11,-8.595,0,0.306,0.0887,0,0.351,0.733,77.397,4,1,259532,7
"196",2012,0.436,0.711,1,-8.66,1,0.373,0.00422,0,0.133,0.707,94.977,4,1,150160,8
"197",2012,0.736,0.846,11,-8.603,1,0.353,0.236,5.8e-05,0.204,0.738,104.961,4,1,203466,9
"198",2012,0.503,0.75,2,-7.531,1,0.321,0.0104,0.00132,0.074,0.659,131.612,3,1,238546,10
"199",2012,0.492,0.888,1,-5.936,0,0.321,0.00418,0,0.0981,0.66,81.18,4,1,166013,11
"200",2012,0.683,0.774,1,-7.633,1,0.334,0.00662,0.000492,0.0856,0.893,85.983,4,1,218840,12
"201",2012,0.682,0.931,11,-7.264,0,0.159,0.00887,0.00808,0.672,0.575,124.95,4,1,217146,13
"202",2012,0.505,0.797,6,-7.014,0,0.292,0.014,0.000276,0.0845,0.601,116.833,3,1,281320,14
"203",2012,0.602,0.79,0,-7.129,1,0.115,0.0302,0.0116,0.101,0.566,179.928,4,1,238120,15
"204",2012,0.777,0.593,10,-8.105,1,0.248,0.149,6.33e-05,0.104,0.675,84.931,4,1,239795,16
"205",2012,0.624,0.795,7,-7.049,1,0.274,0.0849,1.02e-05,0.508,0.516,93.578,4,1,214806,17
"206",2012,0.717,0.32,1,-13.749,0,0.681,0.15,0,0.121,0.424,76.355,4,1,113800,1
"207",2012,0.697,0.704,1,-8.703,0,0.461,0.572,0,0.0969,0.702,86.035,4,1,224520,2
"208",2012,0.752,0.526,0,-10.579,1,0.522,0.0908,3.28e-06,0.0929,0.939,148.059,4,1,299866,3
"209",2012,0.616,0.417,2,-9.406,1,0.338,0.54,0,0.102,0.327,159.395,4,1,241506,4
"210",2012,0.629,0.67,7,-8.678,1,0.385,0.0341,7.42e-05,0.132,0.758,171.892,4,1,180426,5
"211",2012,0.892,0.149,0,-13.371,1,0.0676,0.06,0.929,0.128,0.637,91.97,4,1,35986,6
"212",2012,0.695,0.527,9,-9.432,0,0.494,0.364,0,0.0953,0.717,81.973,4,1,251013,7
"213",2012,0.735,0.583,6,-10.05,1,0.561,0.11,8.15e-06,0.243,0.839,167.526,4,1,227280,8
"214",2012,0.534,0.512,11,-9.861,1,0.435,0.239,0,0.174,0.872,168.091,4,1,317680,9
"215",2012,0.691,0.795,7,-9.324,1,0.409,0.0332,0,0.0461,0.888,80.506,4,1,261853,10
"216",2012,0.734,0.587,1,-8.304,1,0.429,0.0768,0,0.632,0.82,91.531,4,1,122520,11
"217",2012,0.521,0.474,8,-15.869,1,0.0877,0.247,0.0484,0.242,0.169,184.405,4,1,21266,12
"218",2012,0.56,0.467,11,-9.001,0,0.641,0.456,0.0421,0.0936,0.341,171.728,4,1,293573,13
"219",2012,0.647,0.715,10,-10.483,0,0.409,0.106,0,0.328,0.79,82.275,4,1,231453,14
"220",2012,0.498,0.78,10,-7.302,0,0.431,0.0856,1.09e-06,0.375,0.384,74.516,1,1,284786,15
"221",2012,0.675,0.517,6,-8.987,1,0.698,0.0309,0,0.236,0.721,120.21,3,1,236666,16
"222",2012,0.567,0.434,1,-14.862,0,0.265,0.0468,0.0094,0.613,0.712,86.1,4,1,242040,17
"223",2012,0.447,0.719,1,-10.803,0,0.482,0.152,0.0843,0.091,0.092,176.005,4,1,286520,18
"224",2012,0.63,0.968,8,-7.977,0,0.571,0.152,0.749,0.082,0.163,176.071,4,1,46906,19
"225",2012,0.676,0.526,6,-11.065,1,0.443,0.346,0.000495,0.28,0.79,68.476,1,1,249986,20
"226",2009,0.622,0.356,10,-9.859,0,0.136,0.0217,0.848,0.107,0.301,170.091,4,1,218266,1
"227",2009,0.742,0.547,0,-9.841,1,0.0266,0.0831,0.523,0.104,0.614,116.062,4,1,244160,2
"228",2009,0.64,0.619,10,-7.88,0,0.0485,0.000366,0.735,0.11,0.327,87.998,4,1,245386,3
"229",2009,0.628,0.496,7,-11.633,1,0.248,0.00103,0.959,0.115,0.412,167.699,4,1,267200,4
"230",2009,0.639,0.427,6,-13.208,0,0.0638,0.12,0.846,0.355,0.694,168.057,4,1,301306,5
"231",2009,0.648,0.484,4,-8.542,1,0.0426,0.0769,0.768,0.207,0.654,95.964,4,1,199226,6
"232",2009,0.766,0.527,7,-9.976,1,0.112,0.0238,0.88,0.221,0.553,96.053,4,1,259640,7
"233",2009,0.717,0.511,1,-9.874,0,0.15,0.463,0.596,0.0991,0.685,79.979,4,1,231960,8
"234",2009,0.838,0.667,6,-10.809,0,0.211,0.221,0.912,0.084,0.72,86.037,4,1,295013,9
"235",2009,0.527,0.735,9,-10.196,1,0.0334,0.0246,0.632,0.231,0.4,100.003,4,1,237160,10
"236",2009,0.68,0.498,11,-11.814,0,0.0329,0.28,0.62,0.227,0.695,110.004,4,1,250840,11
"237",2009,0.462,0.424,3,-10.963,1,0.0543,0.00568,0.814,0.284,0.365,147.886,4,1,272866,12
"238",2009,0.737,0.518,8,-10.568,0,0.0539,0.0146,0.843,0.0718,0.754,94.986,4,1,239813,13
"239",2009,0.81,0.715,0,-9.648,0,0.112,0.00951,0.413,0.204,0.742,142.047,4,1,239666,14
"240",2009,0.718,0.487,0,-10.603,0,0.268,0.0903,0.67,0.2,0.414,77.01,4,1,253466,15
"241",2009,0.691,0.429,5,-12.874,0,0.869,0.768,0,0.0727,0.338,115.867,3,1,228093,16
"242",2009,0.809,0.67,11,-9.858,1,0.624,0.586,0,0.14,0.166,115.915,4,1,247626,17
"243",2009,0.765,0.697,3,-13.778,1,0.73,0.595,0,0.455,0.411,87.68,4,1,252986,18
"244",2009,0.654,0.488,0,-15.727,1,0.928,0.747,0,0.247,0.472,91.723,4,1,272333,19
"245",2009,0.593,0.44,2,-14.203,1,0.895,0.265,0,0.104,0.321,82.817,4,1,316360,20
"246",2009,0.685,0.408,7,-11.119,0,0.847,0.7,0,0.203,0.697,94.65,4,1,197000,21
"247",2009,0.809,0.443,10,-14.24,1,0.885,0.651,0,0.181,0.42,128.214,3,1,257506,22
"248",2009,0.782,0.401,4,-13.527,1,0.896,0.696,0,0.426,0.678,79.958,4,1,241106,23
"249",2009,0.713,0.32,5,-14.155,0,0.936,0.664,0,0.17,0.581,110.973,5,1,295080,24
"250",2009,0.663,0.461,1,-10.06,1,0.698,0.715,0,0.401,0.877,95.856,4,1,236613,25
"251",2009,0.899,0.591,2,-14.834,1,0.643,0.505,0,0.082,0.184,110.168,4,1,249986,26
"252",2009,0.713,0.51,11,-14.774,1,0.918,0.538,0,0.419,0.368,117.955,3,1,274906,27
"253",2009,0.717,0.507,6,-11.339,1,0.815,0.557,0,0.677,0.237,92.481,4,1,243666,28
"254",2009,0.842,0.528,8,-11.566,0,0.882,0.733,0,0.555,0.338,142.008,4,1,257346,29
"255",2009,0.758,0.415,11,-14.408,1,0.96,0.445,0,0.057,0.573,76.916,4,1,261880,30
"256",2007,0.606,0.602,1,-9.489,1,0.343,0.0598,2.08e-05,0.684,0.512,85.083,4,1,225146,1
"257",2007,0.707,0.683,0,-8.728,1,0.0681,0.181,0.00107,0.108,0.568,116.006,4,1,243626,2
"258",2007,0.515,0.763,11,-7.856,1,0.484,0.042,0.000285,0.0521,0.719,175.968,4,1,247680,3
"259",2007,0.442,0.679,7,-8.878,1,0.414,0.106,6.05e-06,0.305,0.608,167.804,4,1,269880,4
"260",2007,0.474,0.657,6,-9.468,0,0.406,0.178,0.000369,0.127,0.661,168.263,4,1,300066,5
"261",2007,0.5,0.733,6,-7.509,1,0.276,0.374,5.89e-06,0.112,0.821,96.144,4,1,195160,6
"262",2007,0.653,0.798,7,-8.601,1,0.366,0.16,0.00016,0.181,0.658,95.917,4,1,255560,7
"263",2007,0.512,0.729,6,-8.808,0,0.407,0.389,2.11e-05,0.929,0.8,76.964,4,1,238613,8
"264",2007,0.529,0.818,11,-9.383,1,0.389,0.243,0,0.0786,0.703,84.063,4,1,293413,9
"265",2007,0.48,0.812,6,-7.516,0,0.341,0.138,6.94e-06,0.1,0.674,124.425,5,1,233066,10
"266",2007,0.66,0.781,2,-9.355,1,0.262,0.551,0.000108,0.211,0.748,110.338,4,1,246760,11
"267",2007,0.454,0.62,3,-9.318,1,0.255,0.0226,0.0168,0.37,0.556,146.825,4,1,268800,12
"268",2007,0.645,0.822,11,-7.904,1,0.27,0.242,0,0.253,0.873,94.919,4,1,238986,13
"269",2007,0.445,0.79,9,-8.677,1,0.543,0.133,0,0.193,0.176,68.527,4,1,574040,14
"270",2007,0.427,0.901,1,-5.615,1,0.447,0.062,7.88e-06,0.127,0.685,83.901,4,1,1414980,15
"271",2007,0.606,0.602,1,-9.489,1,0.343,0.0598,2.08e-05,0.684,0.512,85.083,4,1,225146,1
"272",2007,0.707,0.683,0,-8.728,1,0.0681,0.181,0.00107,0.108,0.568,116.006,4,1,243626,2
"273",2007,0.515,0.763,11,-7.856,1,0.484,0.042,0.000285,0.0521,0.719,175.968,4,1,247680,3
"274",2007,0.442,0.679,7,-8.878,1,0.414,0.106,6.05e-06,0.305,0.608,167.804,4,1,269880,4
"275",2007,0.474,0.657,6,-9.468,0,0.406,0.178,0.000369,0.127,0.661,168.263,4,1,300066,5
"276",2007,0.5,0.733,6,-7.509,1,0.276,0.374,5.89e-06,0.112,0.821,96.144,4,1,195160,6
"277",2007,0.653,0.798,7,-8.601,1,0.366,0.16,0.00016,0.181,0.658,95.917,4,1,255560,7
"278",2007,0.512,0.729,6,-8.808,0,0.407,0.389,2.11e-05,0.929,0.8,76.964,4,1,238613,8
"279",2007,0.529,0.818,11,-9.383,1,0.389,0.243,0,0.0786,0.703,84.063,4,1,293413,9
"280",2007,0.48,0.812,6,-7.516,0,0.341,0.138,6.94e-06,0.1,0.674,124.425,5,1,233066,10
"281",2007,0.66,0.781,2,-9.355,1,0.262,0.551,0.000108,0.211,0.748,110.338,4,1,246760,11
"282",2007,0.454,0.62,3,-9.318,1,0.255,0.0226,0.0168,0.37,0.556,146.825,4,1,268800,12
"283",2007,0.645,0.822,11,-7.904,1,0.27,0.242,0,0.253,0.873,94.919,4,1,238986,13
"284",2007,0.445,0.79,9,-8.677,1,0.543,0.133,0,0.193,0.176,68.527,4,1,574040,14
"285",2005,0.664,0.703,11,-8.786,1,0.398,0.128,0,0.0649,0.721,81.736,4,1,275160,1
"286",2005,0.641,0.66,1,-8.826,0,0.326,0.0315,7.81e-05,0.268,0.79,171.378,4,1,245600,2
"287",2005,0.512,0.618,10,-7.139,0,0.413,0.0888,0.00329,0.123,0.496,74.802,3,1,261760,3
"288",2005,0.682,0.604,6,-10.54,0,0.356,0.271,4.38e-06,0.757,0.674,86.961,4,1,231680,4
"289",2005,0.764,0.756,11,-7.292,1,0.34,0.00996,0.000328,0.391,0.842,165.897,4,1,286306,5
"290",2005,0.703,0.715,6,-9.173,0,0.195,0.0609,0,0.184,0.724,114.513,4,1,271333,6
"291",2005,0.67,0.649,10,-7.214,0,0.408,0.34,1.23e-05,0.17,0.754,81.743,4,1,276346,7
"292",2003,0.451,0.786,9,-9.833,1,0.837,0.293,1.23e-05,0.622,0.445,84.92,4,1,145093,1
"293",2003,0.472,0.744,6,-9.586,1,0.561,0.254,0,0.904,0.779,80.793,4,1,310800,2
"294",2003,0.781,0.736,4,-8.369,1,0.361,0.104,6.09e-06,0.78,0.832,110.613,5,1,301373,3
"295",2003,0.551,0.791,9,-7.977,0,0.358,0.42,3.94e-06,0.521,0.638,110.039,4,1,306266,4
"296",2003,0.542,0.72,8,-7.722,1,0.835,0.18,0,0.232,0.723,85.203,4,1,273600,5
"297",2003,0.557,0.828,1,-8.507,1,0.347,0.313,0,0.348,0.491,113.869,5,1,291693,6
"298",2003,0.781,0.724,1,-7.503,1,0.408,0.506,0,0.639,0.766,82.095,4,1,225706,7
"299",2003,0.699,0.866,1,-8.608,1,0.391,0.254,0,0.244,0.595,85.891,4,1,332026,8
"300",2003,0.636,0.662,1,-6.144,0,0.359,0.198,1.69e-05,0.383,0.898,82.063,4,1,381906,9
"301",2003,0.498,0.775,4,-8.131,1,0.41,0.101,8.59e-05,0.764,0.633,80.125,4,1,307226,10
"302",2003,0.645,0.727,11,-6.703,0,0.51,0.296,0,0.513,0.764,106.231,5,1,288400,11
"303",2003,0.596,0.777,1,-7.998,1,0.451,0.408,2.5e-05,0.163,0.857,81.932,4,1,228733,12
"304",2003,0.662,0.615,4,-8.809,1,0.652,0.387,0,0.28,0.829,110.054,4,1,263666,13
"305",2003,0.684,0.811,1,-9.07,1,0.309,0.401,0,0.86,0.667,90.01,4,1,294706,14
"306",2003,0.607,0.746,2,-8.953,0,0.524,0.213,0,0.705,0.707,140.137,4,1,277133,15
"307",2002,0.613,0.75,11,-6.83,1,0.244,0.0235,0.00116,0.305,0.613,93.438,4,1,265400,1
"308",2002,0.779,0.688,4,-7.077,0,0.353,0.292,0.000278,0.645,0.836,86.008,4,1,256200,2
"309",2002,0.511,0.886,2,-4.618,0,0.196,0.351,0.000106,0.329,0.586,170.663,4,1,270960,3
"310",2002,0.546,0.86,5,-6.75,0,0.418,0.236,0,0.377,0.64,139.704,4,1,263733,4
"311",2002,0.676,0.707,11,-6.159,0,0.0436,0.0246,0.923,0.369,0.768,144.057,4,1,279106,5
"312",2002,0.683,0.54,7,-8.649,1,0.384,0.0117,0,0.159,0.758,83.892,4,1,340360,6
"313",2002,0.49,2.03e-05,9,-7.882,1,0.563,0.0275,0.000451,0.101,0.168,155.056,4,1,1472840,7
"314",2001,0.62,0.592,1,-8.741,0,0.457,0.552,0.00791,0.131,0.88,80.649,4,1,152826,1
"315",2001,0.602,0.758,11,-6.85,1,0.267,0.0242,0.00111,0.376,0.597,93.585,4,1,266106,2
"316",2001,0.689,0.495,1,-8.58,1,0.421,0.236,0,0.214,0.383,76.45,4,1,299600,3
"317",2001,0.505,0.899,9,-5.893,1,0.418,0.0624,3.03e-06,0.387,0.23,168.311,4,1,234466,4
"318",2001,0.816,0.845,9,-6.918,0,0.199,0.543,0,0.104,0.565,103.007,4,1,271200,5
"319",2001,0.737,0.633,11,-8.49,1,0.329,0.279,0,0.244,0.496,82.071,4,1,272200,6
"320",2001,0.699,0.718,10,-7.004,0,0.367,0.08,0,0.804,0.632,80.02,4,1,226626,7
"321",2001,0.787,0.721,5,-7.965,0,0.314,0.124,5.15e-06,0.226,0.869,173.991,4,1,236600,8
"322",2001,0.692,0.583,5,-9.182,0,0.224,0.079,7.01e-06,0.101,0.617,156.082,4,1,307000,9
"323",2001,0.724,0.468,1,-11.474,1,0.404,0.3,1.56e-05,0.076,0.541,80.002,4,1,305306,10
"324",2001,0.596,0.739,7,-6.511,1,0.308,0.216,1.13e-06,0.117,0.46,84.073,4,1,289560,11
"325",2001,0.64,0.675,8,-7.587,1,0.318,0.673,0,0.11,0.539,88.074,4,1,244640,12
"326",2001,0.674,0.879,2,-6.223,1,0.308,0.038,0.00242,0.374,0.827,90.183,4,1,278626,13
"327",2001,0.666,0.669,11,-4.422,0,0.308,0.0984,0,0.0848,0.915,78.012,4,1,285640,14
"328",1999,0.611,0.783,1,-10.905,1,0.67,0.0587,0,0.0459,0.51,82.73,4,1,70120,1
"329",1999,0.748,0.73,1,-6.251,1,0.359,0.0495,0,0.37,0.702,80.02,4,1,273640,2
"330",1999,0.689,0.49,9,-7.576,0,0.5,0.162,0,0.104,0.532,155.868,4,1,234120,3
"331",1999,0.838,0.656,6,-11.885,0,0.44,0.161,0.000327,0.308,0.852,87.001,4,1,272573,4
"332",1999,0.73,0.654,11,-3.796,0,0.264,0.0654,4.98e-05,0.104,0.874,81.963,4,1,300533,5
"333",1999,0.731,0.857,0,-5.101,1,0.348,0.155,0.000169,0.0805,0.748,90.034,4,1,225280,6
"334",1999,0.698,0.868,2,-4.027,1,0.398,0.184,0.00146,0.275,0.674,82.212,4,1,270386,7
"335",1999,0.55,0.607,1,-11.201,0,0.277,0.0471,0.00908,0.0843,0.64,107.995,3,1,282760,8
